accuracy,f1_score,recall,precision,roc_auc,mcc,seed,identity
0.87039669207908,0.7929397192402973,0.7472762645914397,0.844547053649956,0.9111326182803348,0.7019036735342186,0,60
0.8708489468923634,0.7936409621141737,0.7478599221789883,0.8453925665273807,0.9114071428517659,0.7029522910499665,1,60
0.8701382607572038,0.7934224049331964,0.7509727626459144,0.840958605664488,0.9122622198484981,0.7015487776241555,2,60
0.8718180643493991,0.7960106929878675,0.7531128404669261,0.8440907108591365,0.9101309682159355,0.7054295859967605,3,60
0.8711719860447086,0.7947715109098396,0.7511673151750973,0.84375,0.9104522301839837,0.7038681051601574,4,60
