accuracy,f1_score,recall,precision,roc_auc,mcc,seed
0.8511145671332296,0.7723525681674065,0.725,0.8263229308005428,0.9013758665757472,0.6655663713970656,0
0.8455158113011924,0.7699907378820624,0.7422619047619048,0.7998717126363053,0.905712249498049,0.6549730953106062,1
0.8545360290305858,0.7795065220807795,0.7380952380952381,0.8258408258408259,0.9072246609463196,0.6738414547577792,2
0.856713322965267,0.78533706119913,0.7523809523809524,0.8213125406107862,0.910977170701216,0.6795819880593987,3
0.8569206842923794,0.78240302743614,0.7383928571428572,0.8319919517102615,0.9050464304655832,0.67905904449842,4
