accuracy,f1_score,recall,precision,roc_auc,mcc,seed
0.906891495601173,0.8774023694602896,0.8654778393351801,0.8896600818651006,0.9552994743356064,0.802568246149696,0
0.9066915489202879,0.8773651016117728,0.8670360110803325,0.8879432624113475,0.95514205681372,0.8022294318392434,1
0.9074246867501999,0.8780402142418122,0.8656509695290858,0.8907892392659896,0.9544481476945392,0.8036774049602741,2
0.9052252732604639,0.8753069098561909,0.8640927977839336,0.8868159203980099,0.9545769540823004,0.7990675554908665,3
0.9051586243668355,0.8755792602955319,0.8668628808864266,0.8844727080021197,0.954678800339086,0.7990723969022497,4
