accuracy,f1_score,recall,precision,roc_auc,mcc,seed,identity
0.8220561342132464,0.7677941481635193,0.7313698359359557,0.8080366892334571,0.9024312921308817,0.6261730039340926,0,40
0.8320744215631709,0.7769328263624841,0.7270211504249852,0.8342027670673622,0.9020566361888482,0.6472169164062452,1,40
0.8211815218255546,0.7680247550283651,0.7359161889701522,0.8030629853321829,0.9013551110463964,0.6245654033934623,2,40
0.8272242983223345,0.772436904387894,0.7289978256572445,0.8213808463251671,0.9037723708339492,0.6369139017433442,3,40
0.8261111552834539,0.771783366377961,0.7309745008895039,0.8174182139699381,0.9008505172352776,0.6346119949308996,4,40
