accuracy,f1_score,recall,precision,roc_auc,mcc,seed
0.834221197423869,0.7797612760114081,0.7295908282269223,0.8373411978221416,0.9041425176006392,0.6518054691977964,0
