accuracy,f1_score,recall,precision,roc_auc,mcc,seed
0.8574031453778289,0.7638558043512784,0.7036278525453482,0.8353594998263286,0.8981854059527099,0.6677955932501609,0
0.8569236670502494,0.7631746031746032,0.7033352837916911,0.8341429562803608,0.8971700337810484,0.6666745675559412,1
0.8574990410433448,0.764873417721519,0.7071386775892334,0.8328738800827016,0.8969253361201793,0.6681932673798655,2
0.8571154583812811,0.7641658752769864,0.7062609713282622,0.8324137931034483,0.902782721164866,0.667265886401637,3
0.8551975450709628,0.7603935258648047,0.7009947337624342,0.8307905686546463,0.8965829346857995,0.6625784716555582,4
