accuracy,f1_score,recall,precision,roc_auc,mcc,seed
0.8994082840236687,0.8528902734510212,0.8246318607764391,0.8831541218637993,0.9587864456728413,0.7776551256418782,0
0.8982248520710059,0.8516218081435473,0.8259705488621151,0.8789173789173789,0.9552679165337048,0.7751513663416928,1
0.8979881656804733,0.8518391199724992,0.8293172690763052,0.8756183745583039,0.9570159069084834,0.7748070039928704,2
0.8918343195266272,0.8438674410659377,0.8266398929049531,0.8618283321702721,0.9547446468407501,0.7615645754199671,3
0.8949112426035503,0.8479452054794521,0.8286479250334672,0.8681626928471248,0.9569019395046316,0.7682086320518059,4
