accuracy,f1_score,recall,precision,roc_auc,mcc,seed
0.861183677146203,0.8141806342698662,0.7924882629107981,0.8370939747086537,0.9238348180982793,0.7041934019565865,0
0.8553283487974056,0.8073416506717852,0.789906103286385,0.8255642787046124,0.9225256376734312,0.6920412047527078,1
0.8685703990631475,0.8228293867638131,0.7953051643192488,0.8523270440251572,0.9308083236053263,0.7196559232286525,2
0.8593820376542654,0.8128970394342562,0.7960093896713615,0.8305167768797452,0.9263895265566012,0.7007484602010409,3
0.8584812179082966,0.811064341551413,0.7915492957746478,0.8315659679408138,0.9265864886733057,0.6985893450898712,4
