accuracy,f1_score,recall,precision,roc_auc,mcc,seed
0.7707868511081363,0.569913480323751,0.8128980891719745,0.43876235496347227,0.8693709011451454,0.47028588627679196,0
0.7892309980663395,0.5896322038806835,0.8105095541401274,0.4633591260810196,0.8816549412281448,0.4943174697989178,1
0.7813476126729139,0.58,0.8081210191082803,0.4523172905525847,0.8717852861232245,0.48213928466573475,2
0.7849174475680499,0.5847214244686961,0.8105095541401274,0.4573225516621743,0.8751381333746543,0.4882745340895794,3
0.7884872824631861,0.5878260869565218,0.8073248407643312,0.4621695533272562,0.8817051847856101,0.4916919951004763,4
