accuracy,f1_score,recall,precision,roc_auc,mcc,seed
0.8902103488062484,0.8017945842012496,0.790521327014218,0.8133940182054616,0.9259972085764324,0.7260349656864421,0
0.8896778201828348,0.8010244917560428,0.790521327014218,0.8118105126541207,0.926189075074787,0.724847056135735,1
0.8896778201828348,0.8008970046452026,0.7898894154818326,0.8122157244964262,0.9264722731461387,0.7247523397167576,2
0.8889677820182835,0.7996155694377703,0.7886255924170616,0.8109161793372319,0.9263318830253916,0.7229796384063353,3
0.8901215940356794,0.8015389547932029,0.7898894154818326,0.8135372600065083,0.9266412872526161,0.7257431520901069,4
