accuracy,f1_score,recall,precision,roc_auc,mcc,seed
0.7626653759277187,0.509830056647784,0.7814096016343207,0.37833827893175076,0.8632816253803529,0.42049144741903594,0
0.7623426911907066,0.5085085085085086,0.7783452502553626,0.377601585728444,0.8637196415000505,0.4184707412015457,1
0.7681510164569216,0.5140344944200204,0.7763023493360572,0.38422649140546006,0.8664302332112903,0.4247710513004636,2
0.7587931590835754,0.5057851239669422,0.7814096016343207,0.37390029325513197,0.8650573716958212,0.4156579717089048,3
0.755082284607938,0.5013140604467806,0.7793667007150153,0.3694915254237288,0.8603687594690649,0.4099972611425778,4
