accuracy,f1_score,recall,precision,roc_auc,mcc,seed,identity
0.8416977928692699,0.7676666998903617,0.7178005591798695,0.8249785775492716,0.8899047422754318,0.6521057570586061,0,80
0.8421731748726655,0.7676464707058589,0.7155638397017707,0.8279059736898857,0.8889862076931043,0.6530615713868356,1,80
0.8414261460101867,0.7676385710020898,0.7189189189189189,0.8234415029888984,0.8898019471726369,0.6515611534567197,2,80
0.839320882852292,0.7643426294820718,0.7151910531220876,0.8207486631016043,0.8892531722704136,0.6468269846352106,3,80
0.8422410865874363,0.768186807703822,0.7174277726001864,0.8266752577319587,0.8901919890712995,0.6532762666869917,4,80
