accuracy,f1_score,recall,precision,roc_auc,mcc,seed
0.8740659741206488,0.779725852725534,0.7486991123354759,0.8134353175922847,0.9086256758620724,0.6929322952099116,0
0.8738837251685803,0.7795476266326856,0.7490052035506581,0.8126868150116241,0.9070823319440279,0.6925605508112469,1
0.8739748496446146,0.7791087685673215,0.7465564738292011,0.814629258517034,0.907603981751451,0.6924687800787779,2
0.8742482230727173,0.7799744897959184,0.7486991123354759,0.8139767054908486,0.9060128396269094,0.693341957716554,3
0.87515946783306,0.7808,0.7468625650443832,0.817968488099229,0.9081197734488131,0.6951815455563021,4
