accuracy,f1_score,recall,precision,roc_auc,mcc,seed
0.9407265774378585,0.7304347826086957,0.5915492957746479,0.9545454545454546,0.9316652125140222,0.7244935322207778,0
0.9407265774378585,0.7350427350427351,0.6056338028169014,0.9347826086956522,0.9304187959616104,0.7244103869564864,1
0.9388145315487572,0.7192982456140351,0.5774647887323944,0.9534883720930233,0.9336906394116913,0.7145432006733584,2
0.9369024856596558,0.7130434782608696,0.5774647887323944,0.9318181818181818,0.9436308114171756,0.7043836650436488,3
0.9369024856596558,0.7130434782608696,0.5774647887323944,0.9318181818181818,0.9182973949894054,0.7043836650436488,4
