accuracy,f1_score,recall,precision,roc_auc,mcc,seed
0.8567418884023802,0.776610644257703,0.7161769454310624,0.8481835564053537,0.9096624516424477,0.6774863807774495,0
0.8531492084877063,0.769961308476961,0.706813044882144,0.8455001931247585,0.9093096589503917,0.6691146253344017,1
0.8541596497137083,0.7715843151046246,0.7084275104940265,0.8471042471042471,0.9099332983949265,0.6714534874726905,2
0.8571909733917144,0.7779329608938547,0.7194058766548272,0.846826301786393,0.9089353585753134,0.6785762718606785,3
0.8553946334343775,0.7759220598469032,0.7200516628995802,0.8411920030177291,0.9095660005212973,0.6745370824037406,4
